0,1,2,3,4
Fußpflege-Balance,5ac64226a306194b3cefefb6,53.8940809,10.649340299999949,Cosmetics Shop
ALDI NORD,4e20459d45dd950bb018313e,53.89289809954716,10.668022733058736,Supermarket
Cafe & Restaurant Flair,4e4fc27ab61cf637a4f916e4,53.89269768052731,10.667085026257313,Café
Claudia´s Schlüsseldienst,5a14d867a5a31520f047817b,53.89389,10.68806,Locksmith
Schlüsseldienst Schaffrath,59ee07708134887f6e9572c2,53.89527,10.68972,Locksmith
Schlüsseldienst HIS GmbH,59932b3709e28305462dbea6,53.89527,10.68975,Locksmith
1001-Gece Events & More,53540d1d498ef2ac207dda1e,53.89343421568985,10.707999798778795,Event Service
Autohaus Petritzki,5a2153bde57ca63df2e4ea3f,53.8954531,10.7068005,Auto Garage
Tischlerei Mellmann & Dylong GbR,5ab5ff996e465006f33dc0d4,53.89490139999999,10.7093774,Furniture / Home Store
Erlebniswelt Hülshorst,4ba4f9c8f964a52017cb38e3,53.895558365862456,10.711453702249473,Recreation Center
Hinze Floristik,4c9c8286d3c2b60cb00bb8bc,53.891973,10.664052,Flower Shop
Rathaus Apotheke,51ff88d6498eeb3815e8b5f2,53.89088796096062,10.650400380822141,Pharmacy
Sky,4cffc7e96923721e113dc13b,53.89111232267908,10.708875722319124,Supermarket
Cantina delle Ombre,56e131c0cd104c7236b6f7cb,53.8909478,10.7160839,Wine Shop
famila,4c821d03d4e23704ec276488,53.890060337570326,10.64199149608612,Big Box Store
Junge - Die Bäckerei,4cea2c18f86537040f4fbbc4,53.88983257851718,10.641364068916118,Bakery
Otto Wulf Inh. Günter Wulf,589c80a406f1a35bd444cade,53.89015,10.66333,Flower Shop
H Torneiweg,4f044001c512408c65751af2,53.890044530330115,10.711605548858643,Bus Stop
H Marinburgstraße,4e072a28ae60a90eabc735ef,53.88859212420106,10.646780071522679,Bus Stop
PENNY,4ce7f6e0e1eeb60c5442a0ae,53.889078717797226,10.650084616779045,Supermarket
Thrifty Car Rental,5b6bf160bfc6d0002c6171f5,53.889302,10.686259,Rental Car Location
Lidl,4f8c07fbe4b07efba02a5937,53.88872375941974,10.686951437965035,Supermarket
Rossmann,4f3fb9ade4b08b247225fccc,53.88854167208926,10.687651178810817,Drugstore
Schiedsrichterkabine Phönix,5933e7b712f0a90806ed10dd,53.888592,10.720177,Football Stadium
Takko Fashion,502666d6e4b04e431bafb006,53.888243436837286,10.643102755388538,Clothing Store
TOTAL Tankstelle,4cd8f2ad51fc8cfa5f8dec5d,53.88770341873169,10.644679069519043,Gas Station
Das Haarstudio,4e4f7cb1b0fb088f3c1c3a18,53.887339499999996,10.64734925,Shop & Service
Rossmann,4e9022aebe7b7962e9684361,53.8873452373708,10.6485206194058,Drugstore
SPD Wiese,4eaac75a30f823f86e024592,53.88757303123314,10.66375492873595,Park
Frischemarkt Özcan & Göcer,4efdd4978b81b01908ed919d,53.887364,10.66398,Grocery Store
famila,4c90e2427f3b8cfa2ddf971e,53.88794530737253,10.68569512165434,Big Box Store
Junge - Die Bäckerei,4e396480a809d73012e53886,53.887941905158975,10.685890896351287,Bakery
Junge - Die Bäckerei,4b7d0bd0f964a52001ad2fe3,53.887583157994435,10.704552429782046,Bakery
Berlin Döner,517b77cde4b05493cc32969e,53.88813581600059,10.70924822711102,Turkish Restaurant
Junge - Die Bäckerei,50fcf8afe4b0d5fd111006df,53.886851273378625,10.649478679433754,Bakery
BEST WESTERN Nordic Hotel Lübecker Hof,4c4084ca6c1a9521bf4bb96a,53.88631993394518,10.652249317791075,Hotel
Joy Fitness,50b4f0a9e4b047f57d951f9a,53.88678861227981,10.685474917026026,Spa
Konstinkai,5a846ff2c5309372ae41ebfe,53.886286,10.700082,Port
Hanse-Residenz Lübeck,56307b29498e94a73af143dd,53.8863,10.70411,Music Venue
Schweizerhaus,4e4ac6cbb0fb37342ef37c7c,53.886711899174735,10.713971523197714,Hotel
Bäckerei Mathias Renneberger,5958844af4b5252a67ed5ca4,53.886042,10.651345,Bakery
Asia China Restaurant Sai Gon,4c40d2637beab713ca6c9555,53.88580968891938,10.65219621114042,Asian Restaurant
Eren's Garden,5395da7f498e085ff3c1a435,53.885360358015156,10.669133408102816,Botanical Garden
Palma,5086f653e4b0bdc4ffd13996,53.8856443219464,10.682529692992995,Mediterranean Restaurant
Holtex - Mode von Kopf bis Fuß,4e6739988877dfcf30118774,53.88612249571593,10.688730503753142,Department Store
Aral,4da5e1037ccc816e18c5b07b,53.88429538,10.65380125,Gas Station
H Bornhövedstrasse,4d522de6747f6dcbd1cbc9d4,53.88499870094357,10.659225752980113,Bus Stop
Café & Bar Celona,51e23ccf7dd280fd86682a09,53.884473686608075,10.695834159851074,Café
Niko DER GRIECHE,51e6c5b3498e2c38801d4335,53.88664964644237,10.713207196246005,Restaurant
Danhaus - Das 1Liter-Haus! in Stockelsdorf bei Lübeck,5bf469bc492814002cafe32c,53.883254,10.638131,Construction & Landscaping
"Haggischer ""Garten""",4dea32f245dd3993a88456d8,53.88276100759416,10.654564165806972,Garden
Shell,4ca87c5044a8224b0ee01740,53.88281337,10.67917615,Gas Station
H Postillionweg,4ce38ce02407a1cd53b64ed0,53.88068331737091,10.654577421607712,Bus Stop
Lidl,4d56a835143ca093c9f7bdfc,53.88142248748016,10.658570832006262,Supermarket
Feinbäckerei Schüler,4e291e69b0fba988bb733b1a,53.881248454798666,10.658283233642578,Bakery
Cafe del Sol Lübeck,4e6c88e8b61c739ba896ea73,53.881538652274344,10.659474477305112,Caribbean Restaurant
Stadion VFB Lübeck,4e21392dfa761d67107a4da2,53.88112263430846,10.668671706603234,Soccer Stadium
Stadion an der Lohmühle,4c658bb09cb82d7fa31f8ed2,53.88113936172546,10.668883323669434,Soccer Stadium
Gemeinschaftshaus Dornbreite,4e6b60dbd4c01ce017f960c9,53.88011053465592,10.649650622889457,Bar
H Kurzer Weg,4d01eb31e5f16ea8831ba828,53.88012537842477,10.65904006846941,Bus Stop
Domino's,5bdc26293abcaf002c111e98,53.8798852,10.6596883,Pizza Place
McDonald's,4bb77de153649c7477bf45fb,53.880349359249,10.674065728031637,Fast Food Restaurant
Viva Hotel Lübeck,5715e936498e23619eb50a2c,53.88018264919377,10.674833504418814,Hotel
Zoo&Co,4b99294bf964a520da6535e3,53.87986532,10.67475335,Pet Store
Vier Jahreszeiten,4ddc350eb0fba481fc7ce097,53.880522341346676,10.677515284740977,Hotel
Mr. Wu,4bc091f4b492d13af768a460,53.8804473370163,10.67764449769918,Asian Restaurant
H Karlstraße,4f3c194be4b0823047d21298,53.88039847559612,10.67791011540311,Bus Stop
Perfect Fitness,4c7564703adda143693407af,53.880215392767084,10.678042668307018,Gym / Fitness Center
Staples,4c4fe7568edf0f47f48d5cae,53.88035399,10.678346157073975,Paper / Office Supplies Store
ALDI NORD,4d6f3b8f5b5ca1cd9bd96944,53.878627468516186,10.66744362058848,Supermarket
Kentucky Fried Chicken,50b9c2cce4b09ef2d89468c9,53.87921751093815,10.670930147260774,Fried Chicken Joint
Fressnapf,4d3ab35c039eb60c20eaed9c,53.87926789443036,10.669894784697304,Pet Store
Vegas Bowling und Golf,4ef8c35e9911b01ddc9c84a5,53.87887810702758,10.672868240799405,Bowling Alley
BAUHAUS,4bee71643686c9b61584246e,53.87898372096939,10.675662691527474,Hardware Store
Hebammenpraxis Am Stadtpark,5b094bb89deb7d002c24781d,53.87932,10.699084,Health & Beauty Service
JEU-Arena,4bf57df498ac0f47873365a8,53.877777,10.646769,Soccer Field
Hotel Zum Ratsherrn,4de3ae1fb0fb267148a24640,53.87780079240366,10.660997982297573,Hotel
Hotel Herrenhof,4ee233a493ad88a6be99b720,53.8775928912887,10.660611391067505,Hotel
Das kleine Steakhaus,564b70d4498e8c3e94be9015,53.877838134765625,10.66126823425293,Steakhouse
Burger King,4b93295af964a5208c3834e3,53.878475331080644,10.668564704589938,Fast Food Restaurant
McFIT,4bf54f28cad2c928b1dc9c99,53.878101242456516,10.667849332094193,Gym / Fitness Center
fresh!,4df4e7e1b61cbd3ec0203fcd,53.87842058320267,10.669310379099082,Fast Food Restaurant
H Lohmühlenplatz,4ffafa5de4b0d61585af1b8b,53.87767977815036,10.667246200465803,Bus Stop
A1 Musikpark,4c65c4cb19f3c9b6db1a9eff,53.87774900334147,10.668223667198927,Nightclub
FitX,5626367f498ec83fcdd25b15,53.87851162237743,10.669889103462722,Athletics & Sports
Junge - Die Bäckerei,4b7d0c52f964a52011ad2fe3,53.878347941985936,10.670809890977276,Bakery
Rusta,591d92e572475051db664a9e,53.878184,10.667775,Furniture / Home Store
Kulturwerft Gollan,5708b1ee498e5b84bf8e96b9,53.8780609,10.6831312,Music Venue
"Jugendherberge ""Vor dem Burgtor""",4ddfb03a52b16128c61e5296,53.878282679292425,10.693984092069137,Hostel
H Sedanstraße,4e4fb12b45ddff0031c2dea2,53.87730195035915,10.66220998764038,Bus Stop
Holiday Inn,51092414e4b09ed7da9d9d9c,53.8767122,10.6932432,Hotel
Kochwerk Lübeck,526037bb498e6ef7c154d661,53.87646761505934,10.693071511387332,German Restaurant
Café Steinhusen,4c9dfa4fd3c2b60c5039c6bc,53.87668762821704,10.69535741,Café
Stadtpark,4d8a04ed1508a14385bf1a1e,53.87646436112245,10.701769440756298,Park
Bom Dia-Wein und Feinkost aus Spanien u. Portugal,51a8cf87498e2165cadca2e1,53.87666370125852,10.704198575896768,Wine Shop
Lübecker Reitverein e.V.,50f0656be4b0d0c1059bdab7,53.87649236494519,10.728707313537598,Stables
Sixt Autovermietung,4e1c6fc1b61c283cdc1f1d67,53.8765315,10.6658054,Rental Car Location
Avis Deutschland,4d10b898d21db60c3fc92b18,53.876164743747886,10.665129728836064,Rental Car Location
"""Bimmelbahn-Lübeck"" @ Hanseatic-IT",51728408e4b0fcf8f332acb6,53.875732,10.663946,Toy / Game Store
Wochenmarkt Lübeck,4b7fb632f964a5201d3a30e3,53.87621574073766,10.671614402871331,Farmers Market
Strandsalon,4c23705399282d7fb0a268b0,53.87593932123077,10.68812768647387,Bar
Cafe & Bar Celona,51ed1400498ecedb4a0290a9,53.87572001373014,10.690898904145124,Café
H Gustav-Radbruch-Platz,4d56be34b4deb1f7c1a9147a,53.87597659558425,10.693679599602007,Bus Stop
Kaspien,4d2decd192c46a31211e62f3,53.875341208697016,10.698537826538086,Middle Eastern Restaurant
Landwege,523b1dfd11d22280e04786ea,53.87565820563553,10.70829267498844,Grocery Store
Contra Shop Mattern,4d273dff467d6ea8e516bb95,53.87491763,10.65356725,Sporting Goods Shop
Cup'n Cakes,532d30b011d267476a25e88a,53.874696041338716,10.661695003509521,Cupcake Shop
"Hausarzt St. Lorenz, Dres Grasteit & Witte, Dr. Brauer",58bd1e10ce66aa16e7e06710,53.8748701,10.6629159,Doctor's Office
Sky,4cc6cc6442d1b60c93362b13,53.87484201789002,10.677790393526598,Supermarket
Lübecker Kartoffel Keller,51f2bbc7498ecf87b51157e9,53.87433598726088,10.692066101682373,Gastropub
Budnikowsky,539ffabc498e723ddb92e6ae,53.87472915649414,10.707680702209473,Pharmacy
Apo,4beebb81e24d20a117427314,53.87501041,10.70901175,Pharmacy
H Lauerhofstr.,54844ccb498ee5d2bdd45af4,53.874303,10.717272,Bus Stop
Netto City Marken-Discount,4e8daef39adfed6919e98d5c,53.87338112,10.65672805,Supermarket
ibis Hotel Lübeck City,4c41b19ad7fad13ad1de07da,53.87382620116648,10.666472581638562,Hotel
Netto Marken-Discount,4cc5b8de3d7fa1cde06ab35f,53.87357521,10.66645431,Supermarket
Asia Kim,506db4ace4b0c3dbe07297ac,53.87377018088525,10.666508288212837,Asian Restaurant
Lila Bäcker,535a0e9b498e7196fd736e77,53.87329306362982,10.666319509671922,Bakery
Ferienhaus Reiferstr. 20,5a1e74d2a4ba7c2c334ad97d,53.873962,10.67222,Vacation Rental
Miami Shisha Lounge,52d999c9498e684d8c5be6b1,53.87318957871656,10.67515377622217,Hookah Bar
Jeverstübchen,52bb3bd3498eb9260b57c00a,53.873124,10.674747,Bar
Restaurant Media Docks,4db155420437a93f7f85a594,53.873575,10.683441,German Restaurant
The Newport,597659acf4b525310089b391,53.873713,10.683559,Restaurant
Hanse Marina,500978dfe4b0dea10830da9f,53.873502676110334,10.68482007566139,Harbor / Marina
MS Hanse,55742455498ed29e00751534,53.874056,10.687541,Boat or Ferry
NORD - Restaurant Im Europäischen Hansemuseum,55be080a498ed67b760c2dde,53.87407996055988,10.689477914329473,Restaurant
Europäisches Hansemuseum,51cd9a38498e229fd13b1c18,53.874102968407115,10.689565643167885,History Museum
Burgtor Lübeck,4e5e7282b993f2a09a94d83e,53.87389905615417,10.691145658493042,Historic Site
Fräulein Brömse,56eedd53498e8f651b40d10f,53.87316689169645,10.689600706100464,Café
LYC,4e45050ad22de4060efc844d,53.87330627441406,10.706367492675781,German Restaurant
H Heinrichstraße,4dddd0a2ae60c6eb2a4dc912,53.874479,10.711686,Bus Stop
Zippendorfer Bäcker,4e38f474887777123dce46fc,53.873616824799484,10.72275708563628,Bakery
Eiscafe Dolomiti,4b991727f964a520a46035e3,53.872121898947526,10.654299271626222,Café
Spielplatz Schönböckener Straße,5012c102e4b0dd18ec0337be,53.87241332542418,10.65775491669412,Playground
Achilles,50b20c31e4b09dc7a667f29b,53.872842679020174,10.65990723021447,Greek Restaurant
H. Junghans Sanitär GmbH,58c8f9fcfb549a3093f025b5,53.87215,10.65999,Hardware Store
Könemann Schifffahrt,4db1529aa86e63d21168400a,53.87270168886513,10.683043505332403,Boat or Ferry
Fangfrisch,5acf40c389b06a5c99440b48,53.87209,10.683618,Seafood Restaurant
Yogapur,58de2208113efc6e19f3d3d5,53.872562,10.684294,Athletics & Sports
H Große Burgstraße,4e64fdb37d8b85408abfa665,53.87262707431651,10.690597112681477,Bus Stop
Das HOTELchen,501ff83fe4b0a7e9a8537fac,53.87135372141915,10.651791561940477,Hotel
H Beethovenstraße,4edf6618991168b109b8fc0e,53.87102000492226,10.651408983413495,Bus Stop
ALDI NORD,4cde54ef78ddf04dc3049a98,53.87183393188699,10.666013325514772,Supermarket
EDEKA,4dbc3888f7b1ab37dd5866ec,53.87130023644058,10.665764801250667,Supermarket
Marae,575030d8498eed427429e086,53.8719318292985,10.685148239135742,Café
La Havanna,4ee13bc277c8f9d3890a718e,53.87192352624228,10.685744179122235,Cocktail Bar
Klassik Altstadt Hotel,4e3553bd7d8b0c62b2d2e3dc,53.870935859940175,10.685044496167466,Hotel
Koberg,4d22335c9822a09017bafeaf,53.871529,10.689071,Plaza
Schiffergesellschaft,4bc026e4461576b0bbda7932,53.87111420540463,10.688272234310265,Seafood Restaurant
Hoghehus,574eafa8498e457e405acf80,53.871647,10.688553,Event Service
Tonfink,5002b56ae4b0c123de089af3,53.87184141319284,10.690132732449161,Pub
Taj Mahal,4cf014ea3b03f04dc08042dc,53.871723,10.69024,Indian Restaurant
Heiligen-Geist-Hospital,4cf5172dc9af6dcbc2c0af7f,53.87147094301492,10.689656126933379,History Museum
Lübecker Kartoffelkeller,4c5d883885a1e21eec985911,53.871103361055184,10.689959189909766,German Restaurant
Food-Plaza,4f072c087beb8e003c31dee1,53.87040535215303,10.661041658054279,Grocery Store
H Richard-Wagner-Straße,4f037c1110812b05fc1966bf,53.86997558029193,10.662246532738209,Bus Stop
Empire Videothek,4bfaa5045317a59351f2027f,53.87048626323419,10.666977731410752,Video Store
H Adlerstraße,4bf0bbc717880f4709ad2937,53.87070052362224,10.66900167399589,Bus Stop
Aral,4bf1772899d02d7f2d34c948,53.87054051522214,10.669464604288857,Gas Station
diamond lounge,50da0ecfe4b07ec193c02e50,53.870191,10.670305,Hookah Bar
Eiscafe cappuccino,524d768c11d270947c54b824,53.870834,10.668812,Ice Cream Shop
Treibsand,4e876498823125560f3a68ad,53.86989437630709,10.67665896759333,Rock Club
treibsand,4c928b266cfea093e798b28b,53.869881263030656,10.677785317663407,Music Venue
Untertrave,4db2f9ca43a1369cb59786ea,53.869977888629634,10.680051112598958,Waterfront
Gusto,4d8635d9ace28eec72b22d97,53.870506018100755,10.684094623538495,Italian Restaurant
Peter Pane,56f1a031498e4d47d5957621,53.87053246096956,10.688197291749255,Burger Joint
Bolero,4bb7c2943db7b713dd83209a,53.87050469522694,10.688145586699308,Mexican Restaurant
Double Coffee,4bd1b82777b29c749a0e8d82,53.870477894913435,10.688029963953243,Coffee Shop
Junge - Die Bäckerei,4b83db2df964a520d21331e3,53.87044982916214,10.68808020060571,Bakery
Weltwirtschaft,4ef0f137722ece9f17c941a4,53.869871164023806,10.689351334923575,Sports Bar
LBV Phönix - Tennis & Hockey-Club,4df1004e52b1faff6326bc9a,53.87080860364336,10.699395786775078,Sports Club
Waschsalon,4e4fb773d164978659cd6c7d,53.870322,10.717507,Laundromat
PENNY,4c46bd8d19fde21ea8250676,53.8696981,10.6619019,Supermarket
Backlounge,4fb2330ee4b03df318aec202,53.86877650035556,10.661328284454164,Bakery
Budnikowski,4fcde429e4b0fc13c4b09104,53.8698735544698,10.666449469335477,Pharmacy
H Fackenburger Allee,4de29f5ed164df8574ffcfc7,53.86954136372649,10.670810260538396,Bus Stop
ming garden,515744d5e4b016cb3ed024a0,53.869138634354506,10.671410921424254,Chinese Restaurant
Musik- und Kongresshalle MuK,4b783ad5f964a52023be2ee3,53.86963638562532,10.678375746741544,Concert Hall
Ducksteinfestival,4e3c2c42483b04e17a8486a3,53.86903180763113,10.678705453954356,Music Venue
Seewolf - Bierstube & Restaurant,4b562167f964a520ca0128e3,53.86920935475882,10.680097271437647,Seafood Restaurant
amo,506dc5bbe4b0f7e685147cc2,53.8696310282432,10.682069179637319,Sushi Restaurant
Restaurant Wullenwever,4f748640e4b0250b715fbdbe,53.86956019091963,10.682256587059053,German Restaurant
COLESTREET caffè bar gallery,4b65c598f964a520b4fe2ae3,53.869626040766306,10.685688748296766,Café
Theater Lübeck,4b348a77f964a520d62725e3,53.8696902588429,10.686395655702219,Theater
Feuerstein Lübeck,4c4b519146240f47439729f3,53.869623252585605,10.68742304080049,Restaurant
Essen & Trinken,4d6659d1838654810549f753,53.869565,10.687449,Asian Restaurant
Telekom Shop,4e133d652fb6744af78f0251,53.86886536433053,10.686526894569397,Mobile Phone Shop
Papadopoulos,4de90e0488774aa92caef2d2,53.869522,10.688433,Greek Restaurant
Traffico,4d7ce9a679c4b1f7015b03f3,53.86953049,10.68851213,Café
Remix,4b489028f964a5206e4f26e3,53.86926287595646,10.688974806998699,Café
Willy Brandt Haus,4c640167eb82d13aa82e09d6,53.869522131663004,10.689413080843066,Museum
Zara,4b51b7c2f964a520675327e3,53.868906079264704,10.686978433038686,Clothing Store
Café Affenbrot,4bb0fa9df964a520b96f3ce3,53.86914540872262,10.695256629720435,Vegetarian / Vegan Restaurant
Hotel Rucksack,4bf7bf8a5ec320a16e7587d3,53.8690829,10.695358433333334,Hostel
ALDI NORD,4d790cce10936dcb5d265189,53.8687715721981,10.694444672676603,Supermarket
Zuleitungskanal,535aaa4b498e77af95b90a6f,53.86966142545122,10.69605637985575,River
Schulgarten,4deb90ee7d8b6c7a535bcca0,53.86959711448222,10.703928294377727,Garden
Drägerpark,4db3ef8393a017099dceb7ba,53.86982533911527,10.708451271057129,Park
Starburger,55701d60498e6be25b321947,53.86959285959933,10.711707472801208,American Restaurant
Pizzeria Da Angelo,5b0ac72c112c6c002c204c17,53.86963,10.712257,Pizza Place
Keyif Bistro-Grill Restaurant,51c33b80498eb4e78a825941,53.86967772195243,10.71209220457235,Turkish Restaurant
Istanbul,5675978a498e52b4b324e712,53.86822165233426,10.641220571302421,Gastropub
Backlounge,55f01a25498e81742104efe5,53.868704,10.661445,Breakfast Spot
B&B Hotel Lübeck,543530e3498e72e113a8b93e,53.86866283360197,10.673300921916962,Hotel
SATURN,4bbf3cb030c99c7417cf5411,53.8677147,10.672773,Electronics Store
Holmes Place,4bb7678cef159c74712177f7,53.867678409030766,10.672608691598683,Gym / Fitness Center
Marzipan-Speicher-Café,529de0a711d22c43ba667f6b,53.868639,10.680239,Café
Die Lübecker Marzipan-Speicher,4c878f7ab504a1433556b71c,53.86850464611375,10.680197355951247,Candy Store
Radisson Blu Senator Hotel - Lübeck,4b5d556cf964a520245a29e3,53.86780497060615,10.678895326346026,Hotel
Brauberger,4b968a4bf964a52033d334e3,53.86821315953578,10.680933580925762,Brewery
H&M,4ba4e863f964a520a8c138e3,53.86853733384052,10.686675323823458,Clothing Store
Buddenbrookhaus,4c78d939566db60c73f9420e,53.86816665604375,10.685791158855864,Museum
Lübecker Altstadt,531ceda2498ef5c72a55a5c4,53.868139919810204,10.687037778153018,Historic Site
Markt,4e4ad18945dd81ecad921164,53.86811462750174,10.687058029915322,Plaza
Wiener Caféhaus,4c2615fdf7ced13af49e256d,53.8677849673884,10.686297150752363,Café
Filmhaus,4cbc8ea0035d236a7245e64e,53.868726846971974,10.688708496693225,Multiplex
Ristorante Seaside,4c2a2a8e9fb5d13a22479c57,53.868613,10.696704,Italian Restaurant
Naturbad Falkenwiese,500ae74be4b0c26243224fef,53.868457747985296,10.701923085758093,Bathing Area
Trattoria Lara,4f5a427ee4b04b8b5d0eaab9,53.86804725828469,10.70313999482603,Trattoria/Osteria
Trave,4cb5621db315a093683c9476,53.868093134661805,10.703006131957917,River
Tor der Hoffnung,5051970ee4b0d1946a015af7,53.868269125077944,10.710597038269043,Housing Development
Bahcede,55a11018498e55581469a754,53.86767045245147,10.64270280576941,Botanical Garden
Mozart Stuben,5718f9f4498e486c41b0957c,53.867037,10.657035,Pub
Hotel Hanseatischer Hof,4bc78bb293bdeee1eb7f37ae,53.8674911499672,10.663772275850302,Hotel
Lübeck Hauptbahnhof,4b1610ecf964a520bbb623e3,53.86763020373409,10.669651509660921,Train Station
Balzac Coffee,4b501a81f964a520b91c27e3,53.86756989794517,10.669637892249074,Coffee Shop
mai-mai,4dc140dd1838710f437863eb,53.86751829140005,10.669685500685153,Asian Restaurant
Gleis 6/7,4cd4908a89eb6dcbacf5221e,53.86755591589765,10.669706502638455,Platform
Gleis 4/5,4ff2957ae4b0a2a64300e099,53.867520429527026,10.669678760243547,Platform
Junge - Die Bäckerei,4c14df73a9c220a18026589d,53.86741220715073,10.66991029355409,Bakery
Gleis 1/2,50cf5d62e4b01c69f79c3ac1,53.86732258456245,10.669761064956171,Platform
SUBWAY,53bfc7dc498eecb3e875d5e3,53.867327428125634,10.671759803775053,Sandwich Place
Rossmann,4ed525c399119575fef0e4f3,53.86738344896121,10.67195177078247,Drugstore
H LindenArcaden,4bee8c72e24d20a1b4047314,53.86740235649426,10.672198845376187,Bus Stop
Time Out,4d28b3f5849f37049eba7641,53.867153154952,10.671746056528624,Cocktail Bar
Sparda-Bank,4bee888fd355a593c7f70a60,53.8673167,10.6732742,Financial or Legal Service
Lindenplatz,5209f3ba04933082c40482e7,53.866852506170275,10.672841162759623,Plaza
Park Inn,4f9c1ab6e4b04dce44cc6cf4,53.867187332428045,10.67669928073883,Hotel
La Baracca -Cucina Italiana,50cf5e45e4b0a8af976e6c6f,53.86664542997489,10.676956540077505,Italian Restaurant
Barcio,4d483a590bfd5481fb553b00,53.8671946964615,10.680652036112887,Bar
Dietrichs,5753eaab498edb6da8510578,53.866813,10.680806,Café
Conditorei & Café Maret,4db2b58f1e7248d1357b89da,53.86681091321201,10.68481674559285,Café
Ratskeller Zu Lübeck,4c6bdb9ba48420a15cd70a0b,53.866889225963895,10.68522673898853,German Restaurant
Café Erdapfel,51f6a71b498e433bd1b0fccb,53.86711575804211,10.686817296411927,Vegetarian / Vegan Restaurant
Das Flammkuchenhaus,5470f17d498ee8730366f255,53.86709095844225,10.68708525943778,French Restaurant
dm-drogerie markt,5097b0ece4b076702e072241,53.866776,10.6858751,Drugstore
Niederegger Arcadencafé,4c67d32119f3c9b6cfb0a3ff,53.86659683139416,10.685087766372815,Café
Hugendubel,50b35e91e4b0731875f5b2dc,53.86677127546919,10.687373544841686,Bookstore
Rossmann,503fbd0c7e2752ec471b5904,53.86662,10.68727,Drugstore
Kaffeewerk,4f731c3ae4b0782142c1cd8a,53.86848180679746,10.69060125145151,Café
Mehr Essen Weniger Wiegen,5af324526adbf5002ce1f9d5,53.867526,10.70137,Health Food Store
China Restaurant Chau,50fd9145e4b0d36cb5500874,53.86682658559028,10.71964254625949,Chinese Restaurant
ALDI NORD,5347fa6b498e1f9011783e70,53.867301206656,10.721851587295532,Supermarket
sky XXL,4b895e35f964a520832f32e3,53.866790909710694,10.720124402211532,Big Box Store
TuS Lübeck 1893,4dbd288b5da3ff58ec5d1492,53.86814260106653,10.731453895568848,Sports Club
H+ Hotel Lübeck,4bd897e32ecdce7226d9d0f2,53.866551528957906,10.669886469841003,Hotel
Hotel Stadt Lübeck,53c838bc498e523d703c51a3,53.866245,10.670312,Hotel
H Holstentorplatz,4bed806d91380f4753fb9f18,53.86649728855686,10.67310241065046,Bus Stop
Hotel Excelsior,4d866dd35ad3a0933b3bf9fd,53.86590564841007,10.6723171669919,Hotel
Hotel Lindenhof,4cd5c6fe122ba143b49b2ea1,53.86580731903487,10.673973833097365,Hotel
Cafe-Feinbäckerei Schüler,4fc07940e4b01d45be49f8da,53.86589310591974,10.674626292873926,Bakery
Mijori Sushi,4c79610fbd346dcba339f5ef,53.86584653749401,10.67455995815603,Japanese Restaurant
Holstentorplatz,4bbb36d81261d13adf60eb98,53.86628026223207,10.67823564083004,Plaza
Holstentor,4f2be3f4e4b0aa4f6cadfd60,53.866260511210406,10.679673850536346,Monument / Landmark
Museum Holstentor,4f2003cce4b0ec749c64104e,53.866209899221566,10.679606795310972,History Museum
L'Osteria,52d56641498e0112438faaf6,53.86649459755189,10.680924931211766,Trattoria/Osteria
Block House,4b5d54c4f964a5200f5a29e3,53.86645562600966,10.680846128770442,Steakhouse
Hotel Jensen,4d91dfc756a3f04ddbb8ec41,53.8660423040911,10.681382159752157,Hotel
Restaurant Yachtzimmer,4c63001aec94a59385af2aca,53.86590348924953,10.681140030891296,Seafood Restaurant
Potters,4bf9196d4a67c9283f5526cf,53.86562551596036,10.681118092981004,German Restaurant
Ristorante San Remo,4c5b0d4704f9be9a4751f360,53.86555630898562,10.681042829297406,Italian Restaurant
Thana Asia,4c5a91d867ac0f47c5f2064c,53.86639238031109,10.682568170781144,Asian Restaurant
Taste,5777e751498e03e655c1998b,53.866254184715146,10.682659149169922,Café
Petrikirche - Turm,50213ff4e4b06cf841c7cf33,53.86611185241768,10.682803644608548,Scenic Lookout
Lübecker Hanse,507ad461e4b0a4757eacd39a,53.86594521037014,10.682352484623067,German Restaurant
Theaterfiguren Museum,4e997344f5b9a9af67bac03c,53.86583446836503,10.682156445206445,Museum
St. Petri zu Lübeck,4c5bd1f8857ca5934468c8cb,53.86594938304584,10.682924514541583,Church
Peek & Cloppenburg,4c4ad46d42b4d13a6893c97d,53.86643183770846,10.684545130402197,Clothing Store
Junge - Die Bäckerei,4f082648e4b0596c8e586fc5,53.86620875123197,10.684496322103891,Bakery
Niederegger Stammhaus,4c26147d5c5ca593196b45fe,53.86651925184141,10.685618229534771,Candy Store
Buddha Bowl,59b7b6269be5223cd09811df,53.865723,10.683932,Indian Chinese Restaurant
Eiscafé Venezia,4c4d69559efabe9aa7117368,53.866359,10.686953,Ice Cream Shop
Coffeehouse Mocca,558feda0498eeb87d1054dee,53.86575549720997,10.685908191499946,Coffee Shop
Kaffeehaus,55101a3c498e50a8c935f52c,53.866097,10.688138,Coffee Shop
VAI Restaurant,4f92aa30e4b0b2dfcfed7b91,53.86585650452814,10.68857622477466,German Restaurant
soulmade i scream,5411c130498e1ea231b7d81c,53.86644586090447,10.69026681734868,Ice Cream Shop
Miera,4b78565cf964a5207ec62ee3,53.86572380925112,10.689679669627482,Restaurant
Cafè Calma,4bd034b2caff9521a359cef0,53.86567213919668,10.689882383560732,Mediterranean Restaurant
La Vigna,4cf7b7f2eb096ea82223cc48,53.865660230290665,10.689834517683403,Italian Restaurant
Sternschnuppe,4b7edbf7f964a520d20430e3,53.86621205433553,10.69126318068835,Gastropub
Junge - Die Bäckerei,5113acd1e4b0652bd05e7a93,53.865581979344604,10.690103326337312,Bakery
Ohana,4b730229f964a52079952de3,53.865487911600276,10.689180787132926,Lounge
Kandinsky,4c473310417b20a110c9dca9,53.86616053350464,10.69192627262447,Bar
Cargo-Schiff,4ce84877f08f8eecb22a0330,53.866118164835704,10.695759057998657,Nightclub
Nordwind,55e87c4c498eaad4318c7b2a,53.866402,10.704158,Comfort Food Restaurant
Spielplatz Plaza Parkplatz,52ff6b4a498e4f321d8e5708,53.866456,10.717955,Playground
PENNY,5795cca5498ea9b3735e8f6f,53.86584255,10.72071776,Supermarket
Netto Marken-Discount,522b490511d2036bd8d661a7,53.86551965,10.72227143,Supermarket
Grill Haus,4fe0ecabe4b07edeb4fe4204,53.86618411494898,10.671218797079614,Turkish Restaurant
99 Motors and Music,4d167b94816af04dd44849c2,53.86625111103058,10.670803785324097,Bar
Tourist-Information Lübeck,529da28711d2e59babc02ccb,53.865839,10.678016,Tourist Information Center
Ristorante Italiono di Guiseppe,4d1b3ed46526a35d80e80d16,53.86518451360644,10.682047585496397,Italian Restaurant
Engelsbäckerei,4eb695900039f4f9eda7b52b,53.86508692996754,10.682122707366943,Bakery
BackWerk,5224687711d2ac122375ecf7,53.865342,10.684874,Bakery
ATLANTIC Hotel Lübeck,4c36dcbc52dfef3b1ae4ee70,53.86495523700779,10.684086153877876,Hotel
Rossmann,4f5b052be4b00747da18d297,53.8652116330979,10.6853399126266,Drugstore
MAREDO,4b742e45f964a5208ecb2de3,53.864790400231875,10.684866894175437,Steakhouse
REWE,4cd063337b6854818d3bc1f8,53.86543358,10.68584282,Supermarket
Neue Rösterei,562b934c498e6e2c4d4b2b6f,53.865411233639676,10.688381074962647,Café
Café Bar,4bed8a0291380f473f0da018,53.86527964399545,10.691165152978305,Café
BSC Kanalstraße,56118a1a498ee83ac9d848e0,53.86509542126931,10.69437357100965,Pool Hall
Pannekoke,4e62b1b9d164ddd5e5e59441,53.864927603179936,10.693767511283271,Bar
Hüx,4db371050437fa536a1589b2,53.864650891117684,10.694650364157416,Nightclub
Sachers Cafe-Restaurant,4db2b0db0cb6729b6a6f772d,53.864464687410894,10.69470863664692,German Restaurant
Hüxwiese,50896614e4b0eee6387e266c,53.86549129666229,10.697300242879006,Park
Gandhi,4e0f2ae31fc79cade223f129,53.864609263484795,10.70316731929779,Indian Restaurant
denn's Biomarkt,53aeba10498e55bfbfd33b64,53.86483328119839,10.719752854284271,Organic Grocery
Lidl,4efd956ee300fdc046b49a36,53.86494141625246,10.721511751380604,Supermarket
Merlin,4b7006fff964a52003042de3,53.86444702103451,10.720613569080934,BBQ Joint
Junge - Die Bäckerei,4f50a38be4b0c5e1883e3108,53.86457316241542,10.721477152337833,Bakery
Rossmann,503fbd0c7e2752ec471b591a,53.864529652551084,10.721627660470089,Drugstore
Vodafone & o2 Shop Lübeck - Phone Home,5b6c3dd7e17910002cfda68b,53.8652202,10.7293096,Miscellaneous Shop
H Herbartweg,58cecfcc5289303bedc31114,53.865197,10.729247,Bus Stop
Sportschwimmhalle St.lorenz,4d8c71bcfdd3b1f7c6026dda,53.864020690376464,10.64944754698243,Gym / Fitness Center
Rossmann,503fbd0c7e2752ec471b584d,53.86374621138321,10.653940520643147,Drugstore
Lübecker Döner,50c9d4fbe4b0cb3d3ddfe407,53.864227294921875,10.654356956481934,BBQ Joint
City Döner,4bedbabba40fc928f269820c,53.86621540565665,10.673838897763773,Turkish Restaurant
Bei Ulla,4d00dc8ed8f32c0f334df120,53.863829,10.68618,German Restaurant
Eis Café Rialto,5043701de4b03be3a7310386,53.863373,10.686429,Ice Cream Shop
Jerusalemsberg,4f7edb44e4b0340b444562b9,53.86379700482293,10.70146837942554,Park
Wakenitz,4e3bf337d22d102e852c9732,53.86415943449537,10.703470587711461,Lake
Springfield Donuts and Coffee,5357a421498ef6ba3a16b165,53.8636867758058,10.712034380410227,Donut Shop
Café am Kaufhof,501038b5e4b017f65b3f3c71,53.86430268570844,10.71900692629222,Ice Cream Shop
Café Sachaus,51346bd9e4b0c827045edce9,53.86414207120788,10.72027625602449,Café
Knaack Café,506ec8ade4b022d1ff911bb6,53.86467322356343,10.721647020305838,Café
nagelstudio kamis,583eb4a29526bc3d3ee152f1,53.86359,10.72651,Cosmetics Shop
Schwimmhalle Ziegelstrasse,50802abce0e203eb45e91359,53.86239800784505,10.650815963745117,Water Park
SUNPOINT Solarium & WELLMAXX Bodyforming,5a733977112c6c1ac12a11d5,53.8622149,10.6507295,Tanning Salon
Lidl,4e0447e518381783e730a61b,53.86310497606676,10.653997818008065,Supermarket
Lübkes Speicher,4bbcb2fa8ec3d13a68151b28,53.8631183011113,10.680230445419104,German Restaurant
Deja Vu,4d0d3e1995c1a1cd572101ff,53.8629835311709,10.680325342478364,Bar
My Way,578be66b498e33f23f2c0964,53.864452,10.681249,Bar
CVJM Hotel am Dom,5272915a498e362c2bab8ad6,53.862632619593995,10.68188867280216,Hotel
Schwimmhalle Schmiedestrasse,503cee15e4b066d39ddd802e,53.864428179001244,10.683876398333748,Pool
Klingberg,5225e40911d25102ee79dee4,53.864849,10.685249,Historic Site
Leo's Juice & Burger,55acd673498e4ade98146999,53.86282224033389,10.687180577027933,Burger Joint
Kunsthalle St. Annen,4e59313018a8c20475085e4f,53.863236909862394,10.68926249209422,Museum
Kunst-Cafe,4e4a70c1cc3f549fa825198c,53.86303387444294,10.688903331756592,Café
grenadine,4d5fec4cd7206ea89183eef1,53.865107459691494,10.688240917200986,Tapas Restaurant
onni,56feabc1498e73c38d04840d,53.86255771112418,10.68767839608232,Korean Restaurant
Hotel Wakenitzblick Lubeck,4bd70e4f304fce72181933ab,53.862380676288026,10.701854033766486,Hotel
Spielothek NoCo,5b4c416c270ee7002c0e108b,53.863332,10.722498,Arcade
PENNY,57aae5a1498e524e41d63709,53.86185531,10.65147414,Supermarket
Spielplatz Hanseplatz,4dd67e7cd22d38ef42d053c2,53.861765562393884,10.663049229112778,Playground
Wochenmarkt Lunapark,4c18612ded98ef3b1a94dd02,53.8617010030596,10.663022585801494,Farmers Market
H Wendische Straße,4d7a08e1f29ab60cc9bff50a,53.86163668681391,10.662388942261831,Bus Stop
Eishaus,4cc3752806c25481cdc79047,53.86168480486166,10.66537126611831,Nightclub
An Der Obertrave,52ff7924498ebf98c18c9259,53.86181345121621,10.680377539675481,Harbor / Marina
Malerwinkel,5030dd8ce4b0298226dd15ff,53.8617377666733,10.679252478385441,Scenic Lookout
Ristorante Italiano Florentina,58426c361b36d42af4faf749,53.863193,10.685133,Italian Restaurant
Jazz Cafe,4b75b7d1f964a5206e1f2ee3,53.862160443415,10.687722339323132,Bar
Friends,4c447298f0bdd13a8e8cc9cc,53.86211,10.687775,Bar
PADTHAI,50ccdee9e4b0cbbcd3580925,53.86179364750647,10.688421157930982,Thai Restaurant
Im alten Zolln,4b744a94f964a520fcd22de3,53.861671688913184,10.68834563868057,Pub
Krähenteich,4de5f419b0fb5cbf0ea547ed,53.861773173432205,10.691792489460338,Lake
Don Vito im Turm,4cf54b8fe942548136637fc5,53.86400819210489,10.693246636630859,Italian Restaurant
Andronaco,4f0496850aafe497fdf7a907,53.86035429105195,10.66720218890472,Food & Drink Shop
Fotowerker,5640d34acd10022bec18b8d4,53.861114,10.673638,Photography Studio
Automobiltechnik J.K.,539037a7498ef50eb3d363e8,53.860279,10.675891,Auto Garage
Ristorante San Marco,4b7955dbf964a52090f42ee3,53.860478322464935,10.68997010332771,Italian Restaurant
CineStar - Stadthalle,4b71138cf964a5200d392de3,53.86045917124979,10.690296506074324,Movie Theater
H Stadthalle,4e841f538b8150d762868686,53.86018764407939,10.6902227705526,Bus Stop
H Pensebusch,520dddb6498e25918435c87a,53.860545,10.72805,Bus Stop
Shell,4c507c9d375c0f47513e6b92,53.85964829,10.64684845,Gas Station
Ahmad Dawoud,58c7e5d480e1af46b288349c,53.8595,10.656299999999987,Pizza Place
Lasertag,5749ecc0498ea9eeffbe2db7,53.859861,10.665673,Laser Tag
Lidl,4f16c68fe4b045626c6abc6e,53.8591837282992,10.669891834259033,Supermarket
Minigolf Wallanlagen,502a667ce4b043f8072c1e03,53.859980068625845,10.681133760102902,Mini Golf
Acasa Pizza,4de93933e4cd1573540ad50b,53.859344419532384,10.683191864148917,Pizza Place
Mühlenbrücke,4f925e52e4b01143d157cc13,53.859657240402505,10.689950678606028,Bridge
Bäckerei Remmert,4cde653b78ddf04dbc549a98,53.859081263484946,10.696131644151881,Bakery
Netto Marken-Discount,4e746d0a7d8b917602979e1c,53.86007221,10.69962767,Supermarket
Lübeck Hauptgüterbahnhof,5a0e6b62f96b2c17124a355a,53.858312,10.655124,Train Station
Cougars Proving Ground,4fd75d42e4b0759f739b059b,53.85803070658866,10.661151575384283,Football Stadium
Schiedsrichterkabine Hansering,5038bfc3e4b0fba0929f0ab6,53.85805247630924,10.66051963091105,Athletics & Sports
REWE,4d502da14015b1f7f4b963cf,53.85897841046068,10.670020292401922,Supermarket
Bernie's PC Shop,50bcca3de4b04efa304c83a6,53.858613,10.676117,Electronics Store
Stadion Buniamshof,4dc4fb48c65b89d3ca62af97,53.858397900066855,10.6808321668634,Football Stadium
Schiedsrichterkabine Buniamshof,4dc550712271f2705128d4e5,53.85850369297023,10.682873918771811,Football Stadium
Alte Mühle,4db2e488a86e8d2707632a3c,53.858934429522705,10.6857441308345,German Restaurant
Rollerland,4e282a0718384dd0a0dd20bf,53.857989,10.697825,Shop & Service
Herrenhaus Hohewarte,56e7ac62498e7c41a2ebb9cd,53.85789288513304,10.7181715965271,Hotel
Rhodos,50673efbe4b0c318aaad93ac,53.856939,10.640998,Greek Restaurant
EDEKA Krause,53a18dc5498e8d709a43b776,53.85715186,10.66420569,Supermarket
H Drägerwerk,5278bf0a498e1bb8ca9265dc,53.85791721432909,10.670275889381088,Bus Stop
Restaurant Lachswehr,4c80ed1ce602b1f75f8b8d7a,53.857124,10.677152,German Restaurant
UpTown,4e49586262847afcaf08cf5a,53.85735530335853,10.690695437460153,Restaurant
Wochenmarkt am Brink,4c6cf86b4635370443c907bc,53.857436502264704,10.69546116470579,Farmers Market
Landwege,4e035797b61ce80e5d681a08,53.85702551555759,10.696078483816713,Organic Grocery
H Hudekamp,4dc67d42887717c8803d749a,53.85584981269796,10.640663571485318,Bus Stop
Stadtgraben,4f9fd34fe4b040684e378cb0,53.85653639261912,10.680676665041643,Harbor / Marina
Hotel Kaiserhof,4cdd654fd4ecb1f701118548,53.856376646257786,10.689785791315442,Hotel
Einkaufszentrum Buntekuh,4dc276e645ddd5b5b6ac4ca7,53.85509748665461,10.648667539902384,Grocery Store
Da Toni,511ebaf3e4b0ed97e21100c4,53.855712,10.668418,Bar
Kolosseum,4e5c1beabd41ab6bfd119f85,53.854898503196715,10.688779817887413,Concert Hall
Blumenpavillon,5a3d158f610f044748c94d7a,53.855452,10.697471,Flower Shop
Kolberger Platz,4d8756eb9324236aeffff30e,53.85364850388503,10.66003223099478,Plaza
Campels Werksverkauf,52205ead11d2249ac74477c8,53.85368291341527,10.670191030720972,Grocery Store
Tanzmeister - Daniel Magdanz,5bd90eb7db2aeb002c43cc4f,53.85408972845159,10.68595290184021,Dance Studio
Berliner Platz,519e2c93498e47484aaffff5,53.85313620447667,10.650238364091123,Plaza
stadt hamburg,51b8b759498e452953c1f5ca,53.85312774874492,10.650332765057092,Fast Food Restaurant
EDEKA Merchel,4b94ae32f964a520658034e3,53.85306848788033,10.699337289534945,Supermarket
Kart-House,4d0e11027d28721e7d52fc20,53.852257,10.674824,Racetrack
Wing Tsun Universe (WTU) Club Lübeck,51b899667dd27f9f5a5d3ca7,53.85170239631768,10.676615882045304,Athletics & Sports
WTU Young Bloods Club Lübeck,52400047bce6a00b7ef7c583,53.8517060781709,10.676646221366882,Martial Arts Dojo
H Berliner Platz,4d53ba025c9d236ade7af5ce,53.85158996136805,10.683732032775879,Bus Stop
H Fahlenkampsweg,4d77a01fd10fa14358aecc3d,53.85138828068853,10.702479810195785,Bus Stop
Wakenitz Restaurant,5082869de4b0354c5963c039,53.852638244628906,10.731128692626953,German Restaurant
Fisherman´s Partner (Angler-Fachmarkt),56d86d5fcd109bf6fc2bef52,53.85134946957343,10.644582509994507,Fishing Store
Netto Marken-Discount,4ef043e993ad3fada0eaab3e,53.85103237,10.65480732,Supermarket
TRYP by Wyndham Luebeck Aquamarin,4dd6fd52d1647fcf3e3fe68e,53.85097960862795,10.65965270198975,Hotel
Das Café am Roten Löwen,4ffa877ce4b05369d1460fe1,53.85110069157624,10.659771675201233,Café
ibis budget süd,535a9c27498e79495baf3f03,53.85093182893307,10.682896156442165,Hotel
Porsche Zentrum Lübeck,4b8f8302f964a520a15633e3,53.850583683864215,10.682259500026703,Auto Dealership
Etap Hotel Lübeck,4c55a387f5f3d13a710921fc,53.850539,10.682897,Motel
U.S. Pizza,4d31e22aeefa8cfa5b6030b3,53.851263,10.68736,Pizza Place
China Garten,52a6489e498edc9c0f909320,53.850851077573665,10.687556862831116,Chinese Restaurant
Traveller Hotel,4e2c800252b1b8f1986ca550,53.851410202449024,10.691901138193312,Hotel
Domino's Pizza Lübeck St. Jürgen,58accbe8db6cd60b8313d78d,53.85123,10.69405,Pizza Place
Kairo Shisha Lounge,4eb980be93ad236571e230e2,53.850897699435656,10.703680057785864,Smoke Shop
Spielplatz,50e23503e4b0869e6b142e7a,53.850692,10.711925,Playground
Pflanzen Köhler,519f21ab498e8ce315ff691e,53.84961289519345,10.65312033436743,Garden Center
urban apes,510d207ee4b00423d59c79ea,53.84951885230066,10.67572793915838,Climbing Gym
PENNY,5793bdb4498eeafb23e9e0a4,53.84981475,10.68625685,Supermarket
Eis-Stübchen,4db5456643a1369cb5caf9dc,53.8499143,10.68658667,Ice Cream Shop
H Kahlhorststraße,510025a5e4b0d6af82d0873f,53.85003937918039,10.697557664065918,Bus Stop
DAB Bierhaus,517d6c15e4b01b121b3a171a,53.850000617122205,10.698104918300142,Gastropub
REWE,4b3f5391f964a5209fa525e3,53.84952588868844,10.698588717099698,Supermarket
H Amselweg,4d775d08d10fa143a6f2c73d,53.84927722260838,10.70694217791778,Bus Stop
McDonald's,4b8b8f36f964a520c0a232e3,53.8484611492833,10.677698315989847,Fast Food Restaurant
Junge - Die Bäckerei,50264452e4b041e2a65c25ac,53.848889565065704,10.686348023820598,Bakery
Fünününü,526d3a2b11d2e47d940ae62f,53.847466908135075,10.678393486091705,Pool Hall
King Louii,4d946ef274c8236a267fbcfc,53.84708758,10.67817627,Theme Park
Berlin Döner,50142dd2e4b0c3be97899ecf,53.84711789355395,10.685262312379365,Doner Restaurant
KIKS,58341c636cea3f410d2c0bf1,53.847576,10.686668,Child Care Service
Das kleine Steakhaus,50140b77e4b010591f7bff41,53.84744644165039,10.695528984069824,Steakhouse
H Kalkbrennerstraße,4ef4ca73d3e32dc39a1bc852,53.84776047759927,10.69902290091036,Bus Stop
OwieM Motorräder,4e0ee7aae4cd27fc7d3433e1,53.84659178641584,10.668419270541019,Shop & Service
Niederegger Fabrikladen,4c1b6dac63750f4755cdb467,53.846361472794776,10.670733529089974,Candy Store
ZOO & Co. (Schnack),4d822f1f7252a1cd1695a85d,53.84698934004036,10.674786531796743,Pet Store
Rossmann,4fd08a26e4b085b4b831a5d1,53.846237503789474,10.681578579700293,Drugstore
Dänisches Bettenlager,4de50631b0fb267148c20194,53.84630922497716,10.681783198617724,Furniture / Home Store
ALDI NORD,4d07b10237036dcbcd1923fb,53.846369751426444,10.681991098854317,Supermarket
Matratzen Concord,5a3a774016fa041c3e016804,53.84687625340662,10.68434746384258,Mattress Store
Michael Maeding KFZ-Service& Technik,5bd7265fdbde1100252534a5,53.84514009999999,10.6678019,Auto Garage
Hotel Ideal,4d8114e8577eb1f724a2b4d3,53.845308,10.7083,Hotel
See,51b0d3a9498e1324bbe04788,53.84648132324219,10.731748580932617,Lake
Family Apartments,58d6b78a109dfe6d41258a86,53.844494,10.66774,Hotel
Gorra & Uhrbrock Raumausstattung GmbH,5b8fcad45d891b002ca42810,53.84392582093717,10.665463507175446,Carpet Store
REWE,4c3c8a8b7f49c9b616ff6be3,53.84330397,10.63858242,Supermarket
Holtex,507e9624e4b00e30b62b7e35,53.84336628065855,10.641436969285367,Department Store
Milczewski Grill,4db7ea5993a04a7c30747f7d,53.842893406036325,10.658830404281616,Fast Food Restaurant
schrauben köhler,4e36b8f6d22d86185a78eabe,53.843682,10.665149,Furniture / Home Store
Manuela Reinhold,5ab6358b1acf1156f17a2737,53.84323,10.6981801,Business Service
BAUHAUS,4b8503c7f964a5200c4931e3,53.84319118489276,10.707258549000509,Hardware Store
Tedox,4e65f27bfa76cd64cfb2a7b1,53.84279905894873,10.70699283649894,Shop & Service
Matthias Paustian Garten- und Landschaftsbau GmbH,57e140f6cd1051c05d1ddc31,53.84255,10.64874,Garden Center
Clever Fit,5218523d0493755b394f5d5c,53.842146456051644,10.677080154418945,Gym
Kfz Reparatur Abraham J.-H. Hoffmann,5833066ac7ec6b24199f107b,53.8420002,10.6782182,Auto Garage
Bahnhof Lübeck St. Jürgen,4e81db2f0aaf2ecba9a0d54b,53.84234448056447,10.701425946132918,Train Station
Bahnübergang Mönkhofer Weg,56cd53bccd100c2195f705c1,53.842031,10.701182,Platform
Lübeck Döner,4d9c448b7ca6a35d7fde7355,53.841736581132565,10.709258635284975,Fast Food Restaurant
Bibliofila,4f83e1a1e4b002559c3b7919,53.842479,10.684964,Bookstore
ALDI NORD,4d25ec5510a7721e954d1904,53.84150556131347,10.708084493143526,Supermarket
dm-drogerie markt,5a6aff6e35f9834244ed5a9c,53.8413603,10.7072521,Drugstore
Junge - Die Bäckerei,4e789189b0fb305db5e72638,53.8415008731804,10.70851154484757,Bakery
Wirth-Center,4b7d5c8af964a5203cba2fe3,53.8412230709549,10.708371160396599,Shopping Mall
Staples Im Wirth-Center,4d872c9499b78cfa05c5f21f,53.84080722848651,10.708634863926562,Paper / Office Supplies Store
EDEKA,4f884bdce4b0183204b8089e,53.840835510411736,10.709124291516671,Supermarket
Lidl,4ef491d88231b0d622e2af24,53.84129029571706,10.71124157306258,Supermarket
Milcewski - Grillmaster,50ba02f0e4b0e31c41426801,53.84010314941406,10.651055335998535,BBQ Joint
Aral,55e49ffa498eb05c65b79ddd,53.840472,10.708049,Gas Station
wellyou,5204da3f498eb6eb1e8e661b,53.84039631797103,10.708653623673726,Gym
Neukauf Im Wirth-Center,4d66856f485ab1f7c42e6b49,53.84067002685793,10.709072224213605,Grocery Store
